სათაური,ავტორი,ფასი,ლინკი
"თუ საჭიროა, გათქმევინებთ",შორენა ლებანიძე,₾5.00 GEL,"http://lit.ge/book/288583-tu-sachiroa,-gatqmevinebt-shorena-lebanidze/"
გამოღვიძება,ქეით ჩოპინი,₾11.00 GEL,http://lit.ge/book/288516-gamoghvidzeba-qeit-chopini/
მოთხრობები ლიტერატურაზე – 2,ლევან ბრეგაძე,₾11.10 GEL,http://lit.ge/book/288471-motxrobebi-literaturaze-2-levan-bregadze/
როგორ მოვიფიქროთ იდეა,კოტე იანტბელიძე,₾6.50 GEL,http://lit.ge/book/288392-rogor-movifiqrot-idea-kote-iantbelidze/
თარგმანში რომ არ დავიკარგოთ,აკაკი მუმლაძე,უფასო,http://lit.ge/book/288354-targmanshi-rom-ar-davikargot-akaki-mumladze/
მესაათე,თამაზ მჟავანაძე,უფასო,http://lit.ge/book/288292-mesaate-tamaz-mzhavanadze/
ეს არ არის ჩიბუხი,მიშელ ფუკო,₾4.60 GEL,http://lit.ge/book/288263-es-ar-aris-chibuxi-mishel-fuko/
ცხრაკლიტული,ჟან-პოლ სარტრი,₾4.60 GEL,http://lit.ge/book/288231-cxraklituli-zhan-pol-sartri/
ნაპოლეონი,ჟან ტიულარი,₾9.90 GEL,http://lit.ge/book/288152-napoleoni-zhan-tiulari/
ტოტემიზმი დღეს,კლოდ ლევი-სტროსი,₾6.00 GEL,http://lit.ge/book/288113-totemizmi-dghes-klod-levi-strosi/
პროზის გამყიდველი გოგონა,დანიელ პენაკი,₾8.80 GEL,http://lit.ge/book/288025-prozis-gamyidveli-gogona-daniel-penaki/
კაციჭამიათა საბედნიეროდ,დანიელ პენაკი,₾5.00 GEL,http://lit.ge/book/287961-kacichamiata-sabednierod-daniel-penaki/
ფერია კარაბინით,დანიელ პენაკი,₾5.00 GEL,http://lit.ge/book/287896-feria-karabinit-daniel-penaki/
ძაღლი ძაღლი,დანიელ პენაკი,₾3.70 GEL,http://lit.ge/book/287783-dzaghli-dzaghli-daniel-penaki/
საფეხური,თაზო ვაჩნაძე,₾3.90 GEL,http://lit.ge/book/287698-safexuri-tazo-vachnadze/
შიშის ველი,ართურ კონან დოილი,₾5.90 GEL,http://lit.ge/book/287654-shishis-veli-artur-konan-doili/
ოჯახური ცხოვრება,ახილ შარმა,₾5.90 GEL,http://lit.ge/book/287613-ojaxuri-cxovreba-axil-sharma/
დაო დე ძინი,ლაო-ძი,₾3.90 GEL,http://lit.ge/book/287582-dao-de-dzini-lao-dzi/
ნეტოჩკა ნეზვანოვა,ფიოდორ დოსტოევსკი,₾5.90 GEL,http://lit.ge/book/287552-netochka-nezvanova-fiodor-dostoevski/
ანგელოზთა აჯანყება,ანატოლ ფრანსი,₾5.90 GEL,http://lit.ge/book/287493-angelozta-ajanyeba-anatol-fransi/
ფანტასტიკური მოთხრობები,თეოფილ გოტიე,₾5.90 GEL,http://lit.ge/book/287461-fantastikuri-motxrobebi-teofil-gotie/
სხვა ცხოვრება,სერგეი დოვლატოვი,₾3.90 GEL,http://lit.ge/book/287430-sxva-cxovreba-sergei-dovlatovi/
მკვლელის ჰიგიენა,ამელი ნოტომი,₾5.90 GEL,http://lit.ge/book/287396-mkvlelis-higiena-ameli-notomi/
რაც მაგონდება და როგორც მაგონდება,ლანა ღოღობერიძე,₾13.90 GEL,http://lit.ge/book/287316-rac-magondeba-da-rogorc-magondeba-lana-ghoghoberidze/
ფეხებზე დაკიდების ნატიფი ხელოვნება,მარკ მენსონი,₾9.90 GEL,http://lit.ge/book/287280-fexebze-dakidebis-natifi-xelovneba-mark-mensoni/
"ანა ესკური აღმა, დინების წინააღმდეგ",ანა ესკური,₾6.90 GEL,"http://lit.ge/book/287228-ana-eskuri-aghma,-dinebis-tsinaaghmdeg-ana-eskuri/"
აკრძალული ადგილი,ფრედ ვარგასი,₾11.70 GEL,http://lit.ge/book/287157-akrdzaluli-adgili-fred-vargasi/
მარადიულ ტყესა შინა,ფრედ ვარგასი,₾7.35 GEL,http://lit.ge/book/287066-maradiul-tyesa-shina-fred-vargasi/
ნეპტუნის ქარიშხლები,ფრედ ვარგასი,₾6.70 GEL,http://lit.ge/book/286979-neptunis-qarishxlebi-fred-vargasi/
"წადი სწრაფად, დაბრუნდი გვიან",ფრედ ვარგასი,₾7.35 GEL,"http://lit.ge/book/286917-tsadi-stsrafad,-dabrundi-gvian-fred-vargasi/"
მაქცია,ფრედ ვარგასი,₾7.35 GEL,http://lit.ge/book/286860-maqcia-fred-vargasi/
ლურჯი წრეები,ფრედ ვარგასი,₾6.70 GEL,http://lit.ge/book/286791-lurji-tsreebi-fred-vargasi/
მოღელავს სენა,ფრედ ვარგასი,₾4.60 GEL,http://lit.ge/book/286764-moghelavs-sena-fred-vargasi/
გზა,ირაკლი ლომოური,უფასო,"http://lit.ge/book/286731-gza-irakli-lomouri,-gia-razmadze,-vato-tsereteli/"
ჩაინა კონტრასტებიდან,ნიკოლას მაჩაბელი,₾7.80 GEL,http://lit.ge/book/286698-chaina-kontrastebidan-nikolas-machabeli/
ყვავილები სახლთან ახლოს,თამარ გოდერიძე,₾7.80 GEL,http://lit.ge/book/286672-yvavilebi-saxltan-axlos-tamar-goderidze/
ფეხბურთის მოთამაშე,არჩილ ფირიაშვილი,₾7.80 GEL,http://lit.ge/book/286638-fexburtis-motamashe-archil-firiashvili/
ოდისევსის სინდრომი,ნანი მანველიშვილი,₾7.80 GEL,http://lit.ge/book/286556-odisevsis-sindromi-nani-manvelishvili/
მოპარული სიყვარული,თინათინ ბერიძე,₾8.45 GEL,http://lit.ge/book/286402-moparuli-siyvaruli-tinatin-beridze/
შვებულებაში გასული ანგელოზი,თითა ბალანჩივაძე-ძნელაძე,₾6.00 GEL,http://lit.ge/book/286362-shvebulebashi-gasuli-angelozi-tita-balanchivadze-dzneladze/
გარდასულები,იაგო თვალაბეიშვილი,₾7.00 GEL,http://lit.ge/book/286339-gardasulebi-iago-tvalabeishvili/
მითოლოგიები,როლან ბარტი,₾9.90 GEL,http://lit.ge/book/286170-mitologiebi-rolan-barti/
ჰამლეტი,უილიამ შექსპირი,₾7.50 GEL,http://lit.ge/book/286122-hamleti-uiliam-sheqspiri/
დაპირება განთიადისას,რომენ გარი,₾6.00 GEL,http://lit.ge/book/286053-dapireba-gantiadisas-romen-gari/
9,კრებული,₾7.90 GEL,http://lit.ge/book/286011-9-krebuli/
"მშვიდობით, ძია გერშვინ!",მაია ცირამუა,₾4.90 GEL,"http://lit.ge/book/285955-mshvidobit,-dzia-gershvin-maia-ciramua/"
არაფერი დედაჩემის შესახებ,ეკა ქევანიშვილი,₾4.90 GEL,http://lit.ge/book/285926-araferi-dedachemis-shesaxeb-eka-qevanishvili/
ვულკანის მეტრფე,სუზან ზონტაგი,₾11.90 GEL,http://lit.ge/book/285872-vulkanis-metrfe-suzan-zontagi/
ცის ფესვები,რომენ გარი,₾8.35 GEL,http://lit.ge/book/285803-cis-fesvebi-romen-gari/
ფრანები,რომენ გარი,₾7.45 GEL,http://lit.ge/book/285729-franebi-romen-gari/
ცხოვრება წინაა,რომენ გარი,₾6.00 GEL,http://lit.ge/book/285676-cxovreba-tsinaa-romen-gari/
ქალის ნათელი,რომენ გარი,₾3.60 GEL,http://lit.ge/book/285642-qalis-nateli-romen-gari/
ქუჩის მოჩხუბრის ჩანაწერები,გიგა ნასარიძე,₾6.60 GEL,http://lit.ge/book/285600-quchis-mochxubris-chanatserebi-giga-nasaridze/
33 ზღაპარი,ჰერმან ჰესე,₾9.90 GEL,http://lit.ge/book/285539-33-zghapari-herman-hese/
ჟაკლინი,ლელა ლაშხი,₾7.90 GEL,http://lit.ge/book/285497-zhaklini-lela-lashxi/
ანტიქრისტა,ამელი ნოტომი,₾6.60 GEL,http://lit.ge/book/285410-antiqrista-ameli-notomi/
ამბოხებული ადამიანი,ალბერ კამიუ,₾12.00 GEL,http://lit.ge/book/285337-amboxebuli-adamiani-alber-kamiu/
შინ ვეღარასოდეს დაბრუნდები,თომას ვულფი,₾17.95 GEL,http://lit.ge/book/285252-shin-vegharasodes-dabrundebi-tomas-vulfi/
კახეთის მატარებელი,არჩილ ქიქოძე,₾9.20 GEL,http://lit.ge/book/285225-kaxetis-matarebeli-archil-qiqodze/
აბრეშუმის გზა,ბესო ხვედელიძე,₾7.90 GEL,http://lit.ge/book/285190-abreshumis-gza-beso-xvedelidze/
"მოხედე შენს სახლს, ანგელოზო",თომას ვულფი,₾17.95 GEL,"http://lit.ge/book/285122-moxede-shens-saxls,-angelozo-tomas-vulfi/"
მართალნი,ალბერ კამიუ,₾6.35 GEL,http://lit.ge/book/285083-martalni-alber-kamiu/
გაუგებრობა,ალბერ კამიუ,₾6.35 GEL,http://lit.ge/book/285038-gaugebroba-alber-kamiu/
კალიგულა,ალბერ კამიუ,₾6.35 GEL,http://lit.ge/book/284962-kaligula-alber-kamiu/
რეკვიემი მონაზონისთვის,ალბერ კამიუ,₾6.08 GEL,http://lit.ge/book/284930-rekviemi-monazonistvis-alber-kamiu/
სიზიფის მითი,ალბერ კამიუ,₾9.00 GEL,http://lit.ge/book/284889-sizifis-miti-alber-kamiu/
სარჩული და პირი,ალბერ კამიუ,₾6.88 GEL,http://lit.ge/book/284858-sarchuli-da-piri-alber-kamiu/
ბედნიერი სიკვდილი,ალბერ კამიუ,₾8.30 GEL,http://lit.ge/book/284821-bednieri-sikvdili-alber-kamiu/
დაცემა,ალბერ კამიუ,₾8.40 GEL,http://lit.ge/book/284785-dacema-alber-kamiu/
შავი ჭირი,ალბერ კამიუ,₾9.98 GEL,http://lit.ge/book/284728-shavi-chiri-alber-kamiu/
გადასახლება და სამეფო,ალბერ კამიუ,₾7.80 GEL,http://lit.ge/book/284695-gadasaxleba-da-samefo-alber-kamiu/
ქორწინება. ზაფხული,ალბერ კამიუ,₾7.80 GEL,http://lit.ge/book/284659-qortsineba-zafxuli-alber-kamiu/
უცხო,ალბერ კამიუ,₾8.60 GEL,http://lit.ge/book/284621-ucxo-alber-kamiu/
სამი დღე ვაქცინამდე...,ლალი მოროშკინა,₾4.95 GEL,http://lit.ge/book/284465-sami-dghe-vaqcinamde-lali-moroshkina/
„ყორანი“ და სხვა ლექსები,ედგარ ალან პო,₾6.00 GEL,http://lit.ge/book/284349-„yorani“-da-sxva-leqsebi-edgar-alan-po/
შორეული ჰანგები,გიორგი ეკიზაშვილი,₾3.00 GEL,http://lit.ge/book/284085-shoreuli-hangebi-giorgi-ekizashvili/
დიდი სმა,ბესიკ ხარანაული,₾9.95 GEL,http://lit.ge/book/284040-didi-sma-besik-xaranauli/
სადგურები,გაგა ნახუცრიშვილი,₾4.95 GEL,http://lit.ge/book/283964-sadgurebi-gaga-naxucrishvili/
ათწამიანი სიზმრები,ზაზა ბიბილაშვილი,₾6.50 GEL,http://lit.ge/book/283930-attsamiani-sizmrebi-zaza-bibilashvili/
მარწუხებში. ასპერნის წერილები,ჰენრი ჯეიმზი,₾12.60 GEL,http://lit.ge/book/283388-martsuxebshi-aspernis-tserilebi-henri-jeimzi/
გაუზავებლად,კახა თოლორდავა,₾11.20 GEL,http://lit.ge/book/283333-gauzaveblad-kaxa-tolordava/
მონოლოგი სარწეველა სკამიდან,ზაზა გაბუნია,₾4.50 GEL,http://lit.ge/book/282991-monologi-sartsevela-skamidan-zaza-gabunia/
ქართველთა გამუსლიმება (ზეპირი გადმოცემები),ზაქარია ჭიჭინაძე,₾7.00 GEL,http://lit.ge/book/282925-qartvelta-gamuslimeba-zepiri-gadmocemebi-zaqaria-chichinadze/
საარჩევნო კამპანიის პოლიტტექნოლოგიური ლექსიკონი,ზაზა ხურციძე,₾10.00 GEL,http://lit.ge/book/282864-saarchevno-kampaniis-politteqnologiuri-leqsikoni-zaza-xurcidze/
ხმები,დაჩა მარაინი,₾5.00 GEL,http://lit.ge/book/282784-xmebi-dacha-maraini/
ჩემი ქმარი,დაჩა მარაინი,₾2.50 GEL,http://lit.ge/book/282747-chemi-qmari-dacha-maraini/
ბატონი და ქალბატონი რივები,კატრინ ლოვე,₾5.00 GEL,http://lit.ge/book/282688-batoni-da-qalbatoni-rivebi-katrin-love/
"მარანი, ქვევრი, ღვინო",გიორგი ბარისაშვილი,₾30.00 GEL,"http://lit.ge/book/282567-marani,-qvevri,-ghvino-giorgi-barisashvili/"
მე და შენ,ნიკოლო ამანიტი,₾6.60 GEL,http://lit.ge/book/282523-me-da-shen-nikolo-amaniti/
აუშვიცის ტატუისტი,ჰიზერ მორისი,₾6.50 GEL,http://lit.ge/book/282457-aushvicis-tatuisti-hizer-morisi/
ბ-ნ უ.ჰ-ის პორტრეტი,ოსკარ უაილდი,₾1.00 GEL,http://lit.ge/book/282322-b-n-uh-is-portreti-oskar-uaildi/
კარი კედელში,ჰერბერტ უელსი,₾1.00 GEL,http://lit.ge/book/282079-kari-kedelshi-herbert-uelsi/
გამხდარი მამაკაცი,დეშილ ჰემეთი,₾5.00 GEL,http://lit.ge/book/281959-gamxdari-mamakaci-deshil-hemeti/
წყალქვეშა ნავი,ჯო დანთორნი,₾10.60 GEL,http://lit.ge/book/281900-tsyalqvesha-navi-jo-dantorni/
ამბავი ძველი დახვრეტილებისა და ამბავი ახალი დასახვრეტებისა,ბესო სოლომანაშვილი,₾10.60 GEL,http://lit.ge/book/281868-ambavi-dzveli-daxvretilebisa-da-ambavi-axali-dasaxvretebisa-beso-solomanashvili/
უბედობა,იმრე კერტესი,₾9.20 GEL,http://lit.ge/book/281832-ubedoba-imre-kertesi/
ერთი ჩვენგანი ტყუის,კერენ მაკმანუსი,₾10.60 GEL,http://lit.ge/book/281770-erti-chvengani-tyuis-keren-makmanusi/
განჯადოება,ბესო ხვედელიძე,₾4.60 GEL,http://lit.ge/book/281728-ganjadoeba-beso-xvedelidze/
სპილოს მოგზაურობა,ჟოზე სარამაგუ,₾8.60 GEL,http://lit.ge/book/281673-spilos-mogzauroba-zhoze-saramagu/
მოსამართი ჩიტის ქრონიკები,ჰარუკი მურაკამი,₾18.60 GEL,http://lit.ge/book/281578-mosamarti-chitis-qronikebi-haruki-murakami/
კანიბალიადა,მიშა ბახსოლიანი,₾7.90 GEL,http://lit.ge/book/281512-kanibaliada-misha-baxsoliani/
HBR-ის გზამკვლევი ბიზნესკეისის ასაგებად,რეიმონდ შინი,₾16.10 GEL,"http://lit.ge/book/281215-hbr-is-gzamkvlevi-bizneskeisis-asagebad-reimond-shini,-emi-galo/"
თიხის ხიდი,მარკუს ზუზაკი,₾7.50 GEL,http://lit.ge/book/281074-tixis-xidi-markus-zuzaki/
პატარძალი შავებში,კორნელ ვულრიჩი,₾5.00 GEL,http://lit.ge/book/281028-patardzali-shavebshi-kornel-vulrichi/
ჰიბრიდული ომების ანატომია,კრებული,₾20.00 GEL,http://lit.ge/book/280783-hibriduli-omebis-anatomia-krebuli/
Drive – რა გვამოძრავებს სინამდვილეში? მოტივაციის საიდუმლო,დენიელ პინკი,₾7.50 GEL,http://lit.ge/book/280545-drive-ra-gvamodzravebs-sinamdvileshi-motivaciis-saidumlo-deniel-pinki/
მწვანე ფერიის ღამე,აიფერ თუნჩი,₾3.00 GEL,http://lit.ge/book/280487-mtsvane-feriis-ghame-aifer-tunchi/
"სტამბოლი, სტამბოლი",ბურჰან სონმეზი,₾3.00 GEL,"http://lit.ge/book/280445-stamboli,-stamboli-burhan-sonmezi/"
ოკრიბის ღმერთი,სოფიო კუბლაშვილი,₾7.50 GEL,http://lit.ge/book/280365-okribis-ghmerti-sofio-kublashvili/
ფიჭვები შორს იყო,დათია ბადალაშვილი,₾5.50 GEL,http://lit.ge/book/280319-fichvebi-shors-iyo-datia-badalashvili/
მე არაფერს ვმალავ,პენი ჯოლსონი,₾11.00 GEL,http://lit.ge/book/280238-me-arafers-vmalav-peni-jolsoni/
უჩვეულო დანა,ფილიპ პულმანი,₾10.60 GEL,http://lit.ge/book/280197-uchveulo-dana-filip-pulmani/
დიდი იმედები,ჩარლზ დიკენსი,₾12.00 GEL,http://lit.ge/book/280113-didi-imedebi-charlz-dikensi/
ოთახი ხედით,ედუარდ მორგან ფორსტერი,₾10.00 GEL,http://lit.ge/book/280065-otaxi-xedit-eduard-morgan-forsteri/
არარსებული რაინდი,იტალო კალვინო,₾4.00 GEL,http://lit.ge/book/280030-ararsebuli-raindi-italo-kalvino/
"ბავშვი, რომელიც ძაღლების ენაზე ლაპარაკობდა",ჟოანა გრუდა,₾4.00 GEL,"http://lit.ge/book/279958-bavshvi,-romelic-dzaghlebis-enaze-laparakobda-zhoana-gruda/"
ჩემი საყვარელი მკვლელობები (II),ალფრედ ჰიჩკოკის დეტექტიური ჟურნალი,₾5.00 GEL,http://lit.ge/book/279693-chemi-sayvareli-mkvlelobebi-ii-alfred-hichkokis-deteqtiuri-zhurnali/
ჩემი საყვარელი მკვლელობები (I),ალფრედ ჰიჩკოკის დეტექტიური ჟურნალი,₾5.00 GEL,http://lit.ge/book/279547-chemi-sayvareli-mkvlelobebi-i-alfred-hichkokis-deteqtiuri-zhurnali/
ზიანი,ჰაქან გიუნდაი,₾3.00 GEL,http://lit.ge/book/279467-ziani-haqan-giundai/
განახევრებული ვიკონტი,იტალო კალვინო,₾4.00 GEL,http://lit.ge/book/279431-ganaxevrebuli-vikonti-italo-kalvino/
პირველად იყო რატომ,საიმონ სინეკი,₾8.50 GEL,http://lit.ge/book/277822-pirvelad-iyo-ratom-saimon-sineki/
წითელი სახლი,მამუკა მაღულარია,უფასო,http://lit.ge/book/277805-tsiteli-saxli-mamuka-maghularia/
ჩემი წუთისოფელი,ვახუშტი კოტეტიშვილი,₾13.20 GEL,http://lit.ge/book/276776-chemi-tsutisofeli-vaxushti-kotetishvili/
როზალინდ ფრანკლინი – მითებისა და ლეგენდების გარეშე,გიორგი ძნელაძე,₾3.00 GEL,http://lit.ge/book/276747-rozalind-franklini-mitebisa-da-legendebis-gareshe-giorgi-dzneladze/
ამბავი უფლისწული გენჯისა,მურასაკი შიკიბუ,₾14.60 GEL,http://lit.ge/book/276050-ambavi-uflistsuli-genjisa-murasaki-shikibu/
"კაცი, რომელიც სახეებს მიღმა ხედავდა",ერიკ-ემანუელ შმიტი,₾13.20 GEL,"http://lit.ge/book/276001-kaci,-romelic-saxeebs-mighma-xedavda-erik-emanuel-shmiti/"
პატარა ქალები,ლუიზა მეი ოლკოტი,₾8.60 GEL,http://lit.ge/book/275955-patara-qalebi-luiza-mei-olkoti/
ჩემი საბჭოთა წარსული,ირაკლი ბოკუჩავა,₾7.50 GEL,http://lit.ge/book/275892-chemi-sabchota-tsarsuli-irakli-bokuchava/
მიბრუნება,მიხეილ იოჰანი,₾9.90 GEL,http://lit.ge/book/275852-mibruneba-mixeil-iohani/
თავისუფლების კანონი,ნიკა რურუა,₾13.20 GEL,http://lit.ge/book/275781-tavisuflebis-kanoni-nika-rurua/
ზარდახშის საიდუმლო,ნანა კვახაძე,₾3.00 GEL,http://lit.ge/book/274607-zardaxshis-saidumlo-nana-kvaxadze/
ბერენი და ლუთიენი,ჯ. რ. რ. ტოლკინი,₾11.00 GEL,http://lit.ge/book/274364-bereni-da-lutieni-j-r-r-tolkini/
მერვე სიცოცხლე (ბრილკას),ნინო ხარატიშვილი,₾25.00 GEL,http://lit.ge/book/273746-merve-sicocxle-brilkas-nino-xaratishvili/
ბევრი მივლია,კახა სულუაშვილი,უფასო,http://lit.ge/book/273432-bevri-mivlia-kaxa-suluashvili/
კეთილიონი,არნფინ ქოლერუ,₾8.60 GEL,http://lit.ge/book/273335-ketilioni-arnfin-qoleru/
ჯონ ლენონი,თემურ ტონია,₾3.00 GEL,http://lit.ge/book/273304-jon-lenoni-temur-tonia/
მოვუსმინოთ შვილებს. მოუსმინეთ ბოლოს და ბოლოს...,ანიეტ ქემფბელი,₾4.50 GEL,http://lit.ge/book/273236-movusminot-shvilebs-mousminet-bolos-da-bolos-aniet-qemfbeli/
პაბლო პიკასო,ნინო ხუნდაძე,₾3.00 GEL,http://lit.ge/book/273089-pablo-pikaso-nino-xundadze/
"ვა, სოფელო... (კახური ქრონიკები)",ზაირა არსენიშვილი,₾12.60 GEL,"http://lit.ge/book/273036-va,-sofelo-kaxuri-qronikebi-zaira-arsenishvili/"
იოჰან გუტენბერგი,სვეტა კვარაცხელია,₾3.00 GEL,http://lit.ge/book/272985-iohan-gutenbergi-sveta-kvaracxelia/
პლატონი,თამარ-ბარბარე თომაძე,₾3.00 GEL,http://lit.ge/book/272938-platoni-tamar-barbare-tomadze/
ამერიკელი ფსიქოპათი,ბრეტ ისტონ ელისი,₾15.90 GEL,http://lit.ge/book/272848-amerikeli-fsiqopati-bret-iston-elisi/
ფარშავანგი,აკა მორჩილაძე,₾7.20 GEL,http://lit.ge/book/272816-farshavangi-aka-morchiladze/
კოკო შანელი,სვეტა კვარაცხელია,₾3.00 GEL,http://lit.ge/book/272766-koko-shaneli-sveta-kvaracxelia/
მაო ძედუნი,ალექსანდრე დაუშვილი,₾3.00 GEL,http://lit.ge/book/272711-mao-dzeduni-aleqsandre-daushvili/
მარგარეტ თეტჩერი,ზურაბ აბაშიძე,₾3.00 GEL,http://lit.ge/book/272654-margaret-tetcheri-zurab-abashidze/
ზიგმუნდ ფროიდი,თამარ-ბარბარე თომაძე,₾3.00 GEL,http://lit.ge/book/272603-zigmund-froidi-tamar-barbare-tomadze/
ჯონ კენედი,ზურაბ აბაშიძე,₾3.00 GEL,http://lit.ge/book/272555-jon-kenedi-zurab-abashidze/
დამარხული ვაზი,არტურ იურკევიჩი,₾7.00 GEL,"http://lit.ge/book/272482-damarxuli-vazi-artur-iurkevichi,-malxaz-jajanidze/"
"ბებიამ მთხოვა, თქვენთვის მეთქვა, რომ ბოდიშს იხდის",ფრედრიკ ბაკმანი,₾7.50 GEL,"http://lit.ge/book/272416-bebiam-mtxova,-tqventvis-metqva,-rom-bodishs-ixdis-fredrik-bakmani/"
მუხრან მაჭავარიანი – 90 ამბავი,___,₾7.00 GEL,http://lit.ge/book/272300-muxran-machavariani-90-ambavi-___/
თამაზ ჭილაძე – 55 ამბავი,___,₾5.00 GEL,http://lit.ge/book/272216-tamaz-chiladze-55-ambavi-___/
#იმდროს – 70 ამბავი,გელა ჩარკვიანი,₾5.00 GEL,http://lit.ge/book/272121-imdros-70-ambavi-gela-charkviani/
ოთარ ჩხეიძე – 100 ამბავი,როსტომ ჩხეიძე,₾6.00 GEL,http://lit.ge/book/271995-otar-chxeidze-100-ambavi-rostom-chxeidze/
დავით ბენ გურიონი,გურამ ბათიაშვილი,₾3.00 GEL,http://lit.ge/book/271935-davit-ben-gurioni-guram-batiashvili/
ბენიტო მუსოლინი,ნიკა თევზაძე,₾3.00 GEL,http://lit.ge/book/271856-benito-musolini-nika-tevzadze/
ნიკოლა ტესლა,ირმა ხარშილაძე,₾3.00 GEL,http://lit.ge/book/271813-nikola-tesla-irma-xarshiladze/
მარკო პოლო,სვეტა კვარაცხელია,₾3.00 GEL,http://lit.ge/book/271754-marko-polo-sveta-kvaracxelia/
გურია და გურულები – 150 ამბავი,ირაკლი მახარაძე,₾7.00 GEL,http://lit.ge/book/271576-guria-da-gurulebi-150-ambavi-irakli-maxaradze/
გალაკტიონი – 200 ამბავი,___,₾7.00 GEL,http://lit.ge/book/271349-galaktioni-200-ambavi-___/
მამები და შვილები. მოზეიმე სიყვარულის სიმღერა,ივან ტურგენევი,₾4.00 GEL,http://lit.ge/book/271206-mamebi-da-shvilebi-mozeime-siyvarulis-simghera-ivan-turgenevi/
ოთარ ჭილაძე 65 ამბავი,___,₾5.00 GEL,http://lit.ge/book/271120-otar-chiladze-65-ambavi-___/
ქართველთა შორის წერა-კითხვის გამავრცელებელი საზოგადოება – 100 ამბავი,___,₾5.50 GEL,http://lit.ge/book/270981-qartvelta-shoris-tsera-kitxvis-gamavrcelebeli-sazogadoeba-100-ambavi-___/
ჩინური დღიური,კოკა არჩვაძე,₾5.20 GEL,http://lit.ge/book/270959-chinuri-dghiuri-koka-archvadze/
კონსტანტინე გამსახურდია – 126 ამბავი,___,₾6.00 GEL,http://lit.ge/book/270801-konstantine-gamsaxurdia-126-ambavi-___/
პავლე ინგოროყვა – 125 ამბავი,როსტომ ჩხეიძე,₾5.50 GEL,http://lit.ge/book/270640-pavle-ingoroyva-125-ambavi-rostom-chxeidze/
პირველი სიყვარული. გაზაფხულის მღელვარე ნაკადები. მუმუ,ივან ტურგენევი,₾4.00 GEL,http://lit.ge/book/270543-pirveli-siyvaruli-gazafxulis-mghelvare-nakadebi-mumu-ivan-turgenevi/
"კიბერდანაშაული, სასჯელი და პროცესუალური სამართალწარმოება",შაქრო ბაღდავაძე,₾4.00 GEL,"http://lit.ge/book/270507-kiberdanashauli,-sasjeli-da-procesualuri-samartaltsarmoeba-shaqro-baghdavadze/"
ბახუსის მოყვარულნი – 100 ამბავი,___,₾4.00 GEL,http://lit.ge/book/270379-baxusis-moyvarulni-100-ambavi-___/
მარკეტინგი,ბრაიან თრეისი,₾5.00 GEL,http://lit.ge/book/270260-marketingi-braian-treisi/
"მიხა, შე ძველო!",გარი ურჩი,უფასო,"http://lit.ge/book/270151-mixa,-she-dzvelo-gari-urchi/"
ნელსონ მანდელა,ზურაბ აბაშიძე,₾3.00 GEL,http://lit.ge/book/269972-nelson-mandela-zurab-abashidze/
სულის მოთქმა. მადლობა ცეცხლისთვის,მარიო ბენედეტი,₾8.00 GEL,http://lit.ge/book/269921-sulis-motqma-madloba-cecxlistvis-mario-benedeti/
Buy-ოლოგია,მარტინ ლინდსტრომი,₾7.00 GEL,http://lit.ge/book/269785-buy-ologia-martin-lindstromi/
ცხოველთა სამყარო – 100 უცნაური ამბავი,კახა კუდავა,₾4.50 GEL,http://lit.ge/book/269631-cxovelta-samyaro-100-ucnauri-ambavi-kaxa-kudava/
მერაბ კოსტავა – 79 ამბავი,___,₾4.00 GEL,http://lit.ge/book/269521-merab-kostava-79-ambavi-___/
ზვიად გამსახურდია – 79 ამბავი,___,₾4.00 GEL,http://lit.ge/book/269413-zviad-gamsaxurdia-79-ambavi-___/
კოსმოსური საქმე,სტიუარტ გიბსი,₾6.00 GEL,http://lit.ge/book/269351-kosmosuri-saqme-stiuart-gibsi/
შურისძიებას აცვია პრადა,ლორენ ვაისბერგერი,₾6.00 GEL,http://lit.ge/book/269303-shurisdziebas-acvia-prada-loren-vaisbergeri/
ოსკარ უაოს ხანმოკლე და უჩვეულო ცხოვრება,ჯუნოუ დიაზი,₾9.00 GEL,http://lit.ge/book/269195-oskar-uaos-xanmokle-da-uchveulo-cxovreba-junou-diazi/
ენ ვერონიკა,ჰერბერტ უელსი,₾6.00 GEL,http://lit.ge/book/269044-en-veronika-herbert-uelsi/
ხაფანგი-22. ტომი II,ჯოზეფ ჰელერი,₾7.00 GEL,http://lit.ge/book/268006-xafangi-22-tomi-ii-jozef-heleri/
სიცოცხლე განსაზღვრული არტიკლით,მარიამ წერეთელი,₾3.00 GEL,http://lit.ge/book/267961-sicocxle-gansazghvruli-artiklit-mariam-tsereteli/
ეროტიკული ტანკები,რუბოკო შო,₾3.00 GEL,http://lit.ge/book/267836-erotikuli-tankebi-ruboko-sho/
წითელი დედოფალი,ვიქტორია ავეიარდი,₾7.50 GEL,http://lit.ge/book/267775-tsiteli-dedofali-viqtoria-aveiardi/
უკანასკნელი ვარსკვლავი,რიკ იანსი,₾7.00 GEL,http://lit.ge/book/267621-ukanaskneli-varskvlavi-rik-iansi/
უკანასკნელი პრემიერა,მაია ბურჭულაძე,₾3.00 GEL,http://lit.ge/book/267573-ukanaskneli-premiera-maia-burchuladze/
ორშაბათის სიზმარი,მაია ბურჭულაძე,₾3.00 GEL,http://lit.ge/book/267533-orshabatis-sizmari-maia-burchuladze/
ხაფანგი-22. ტომი I,ჯოზეფ ჰელერი,₾7.00 GEL,http://lit.ge/book/267480-xafangi-22-tomi-i-jozef-heleri/
ავრორა Z კორპუსიდან,ანე-კატარინე ვესტლი,₾5.90 GEL,http://lit.ge/book/267445-avrora-z-korpusidan-ane-katarine-vestli/
ადამიანი გაჩნდა ჰოლოცენში,მაქს ფრიში,₾6.60 GEL,http://lit.ge/book/267413-adamiani-gachnda-holocenshi-maqs-frishi/
ექიმ დულიტლის თავგადასავალი,ჰიუ ლოფტინგი,₾5.20 GEL,http://lit.ge/book/267331-eqim-dulitlis-tavgadasavali-hiu-loftingi/
კუნძული,ოლდოს ჰაქსლი,₾12.60 GEL,http://lit.ge/book/267289-kundzuli-oldos-haqsli/
შესწორებები,ჯონათან ფრენზენი,₾17.20 GEL,http://lit.ge/book/267246-shestsorebebi-jonatan-frenzeni/
მონტოკი,მაქს ფრიში,₾7.20 GEL,http://lit.ge/book/267217-montoki-maqs-frishi/
ოკეანე ქუჩის ბოლოს,ნილ გეიმანი,₾7.90 GEL,http://lit.ge/book/267177-okeane-quchis-bolos-nil-geimani/
აუდიტორია,ლაშა ბუღაძე,₾7.20 GEL,http://lit.ge/book/267102-auditoria-lasha-bughadze/
ცეცხლი უფსკრულზე,ვერნორ ვინჯი,₾13.50 GEL,http://lit.ge/book/267029-cecxli-ufskrulze-vernor-vinji/
ქალები,ჰამდი ალ-გაზარი,₾2.50 GEL,http://lit.ge/book/266986-qalebi-hamdi-al-gazari/
ვიტა,მელანია მაცუკო,₾11.20 GEL,http://lit.ge/book/266922-vita-melania-macuko/
მიწისქვეშელები – ქვიშის საათი,ჯენიფერ ბელი,₾9.90 GEL,http://lit.ge/book/266863-mitsisqveshelebi-qvishis-saati-jenifer-beli/
ტირანი ბანდერასი,რამონ მარია დელ ვალიე-ინკლანი,₾4.00 GEL,http://lit.ge/book/266799-tirani banderasi-ramon-maria-del-valie-inklani/
ტირიფების ჩრდილქვეშ,ფირატ სუნელი,₾5.00 GEL,http://lit.ge/book/266742-tirifebis-chrdilqvesh-firat-suneli/
პირადი მიმოწერა,მარი ბროსე,₾8.00 GEL,http://lit.ge/book/266680-piradi-mimotsera-mari-brose/
პეტერბურგი,ანდრეი ბელი,₾9.00 GEL,http://lit.ge/book/266623-peterburgi-andrei-beli/
პენელოპე. მგზავრი.,შორენა ლებანიძე,₾6.00 GEL,http://lit.ge/book/266591-penelope-mgzavri-shorena-lebanidze/
ჯოისის ლაბირინთი,თემურ გაბუნია,₾7.00 GEL,http://lit.ge/book/266463-joisis-labirinti-temur-gabunia/
ორესტეა,ესქილე,₾7.50 GEL,http://lit.ge/book/266404-orestea-esqile/
ნისლქმნილი. აღზევების წყარო,ბრენდონ სანდერსონი,₾17.00 GEL,http://lit.ge/book/266309-nislqmnili-aghzevebis-tsyaro-brendon-sandersoni/
აჩრდილებით სავსე თავი,პოლ ტრემბლეი,₾10.00 GEL,http://lit.ge/book/266252-achrdilebit-savse-tavi-pol-tremblei/
შენი ცხოვრების ამბები,ტედ ჩანი,₾8.00 GEL,http://lit.ge/book/266209-sheni-cxovrebis-ambebi-ted-chani/
დედის რძე,ნორა იკსტენა,₾8.00 GEL,http://lit.ge/book/266118-dedis-rdze-nora-ikstena/
პორნოგრაფია,ვიტოლდ გომბროვიჩი,₾11.00 GEL,http://lit.ge/book/266076-pornografia-vitold-gombrovichi/
ოპერის მოჩვენება,გასტონ ლერუ,₾12.00 GEL,http://lit.ge/book/266021-operis-mochveneba-gaston-leru/
ქმრის საიდუმლო,ლიან მორიარტი,₾9.00 GEL,http://lit.ge/book/265930-qmris-saidumlo-lian-moriarti/
ხმლების ქურდობა (წიგნი I),მაიკლ ჯ. სალივანი,₾11.90 GEL,http://lit.ge/book/265892-xmlebis-qurdoba-tsigni-i-maikl-j-salivani/
დოქტორ ჯეკილისა და მისტერ ჰაიდის უცნაური ამბავი,რობერტ ლუის სტივენსონი,₾3.90 GEL,http://lit.ge/book/265860-doqtor-jekilisa-da-mister-haidis-ucnauri-ambavi-robert-luis-stivensoni/
"სად ხარ, ლაზარე...",ლუკა ბაქანიძე,₾1.00 GEL,"http://lit.ge/book/265830-sad-xar,-lazare-luka-baqanidze/"
ნამსხვრევები,ენ მაიკლსი,₾6.00 GEL,http://lit.ge/book/265782-namsxvrevebi-en-maiklsi/
დომენიკა და საიდუმლო ქალაქი,ელის დოჯსონი,₾7.00 GEL,http://lit.ge/book/265739-domenika-da-saidumlo-qalaqi-elis-dojsoni/
ბორნის იდენტიფიკაცია,რობერტ ლადლემი,₾8.90 GEL,http://lit.ge/book/265619-bornis-identifikacia-robert-ladlemi/
ახლო აღმოსავლეთი (ტომი II),რევაზ გაჩეჩილაძე,₾10.60 GEL,http://lit.ge/book/265540-axlo-aghmosavleti-tomi-ii-revaz-gachechiladze/
"სიცოცხლე, სამყარო და ყველაფერი",დაგლას ადამსი,₾7.90 GEL,"http://lit.ge/book/265477-sicocxle,-samyaro-da-yvelaferi-daglas-adamsi/"
ენდი უორჰოლის ფილოსოფია,ენდი უორჰოლი,₾9.20 GEL,http://lit.ge/book/265431-endi-uorholis-filosofia-endi-uorholi/
გრძელი გზა შინისაკენ,სარუ ბრაიერლი,₾7.00 GEL,http://lit.ge/book/265384-grdzeli-gza-shinisaken-saru-braierli/
ბრუკლინი,კოლმ ტოიბინი,₾6.50 GEL,http://lit.ge/book/265294-bruklini-kolm-toibini/
დაკარგული სინათლე,ჯილ სანტოპოლო,₾6.50 GEL,http://lit.ge/book/265181-dakarguli-sinatle-jil-santopolo/
ბიჭის შესახებ,ნიკ ჰორნბი,₾6.50 GEL,http://lit.ge/book/265119-bichis-shesaxeb-nik-hornbi/
ავტობუსი ზაფხულში,ვივადიმ მეშერიაკოვი,₾2.00 GEL,http://lit.ge/book/265053-avtobusi-zafxulshi-vivadim-mesheriakovi/
"სიყვარულით, როზი",სესილია აჰერნი,₾7.50 GEL,"http://lit.ge/book/264971-siyvarulit,-rozi-sesilia-aherni/"
დაშორებულები,ქეთევან დავრიშევი,₾3.50 GEL,http://lit.ge/book/264914-dashorebulebi-qetevan-davrishevi/
შვიდი მომაკვდინებელი გრძნობა,ნიკოლოზ ტოტოღაშვილი,₾7.70 GEL,http://lit.ge/book/264845-shvidi-momakvdinebeli-grdznoba-nikoloz-totoghashvili/
მეცხრე ფლიგელი,თეა ინასარიძე,₾7.40 GEL,http://lit.ge/book/264792-mecxre-fligeli-tea-inasaridze/
ლიტერატურული მოგონებები,ანა დოსტოევსკაია,₾8.90 GEL,http://lit.ge/book/264674-literaturuli-mogonebebi-ana-dostoevskaia/
ტუვა გლიმერდალიდან,მარია ფარი,₾6.60 GEL,http://lit.ge/book/264612-tuva-glimerdalidan-maria-fari/
ანგელოზები და დემონები,დენ ბრაუნი,₾18.60 GEL,http://lit.ge/book/264446-angelozebi-da-demonebi-den-brauni/
"მე, მარგარიტა",ანა კორძაია-სამადაშვილი,₾6.60 GEL,"http://lit.ge/book/264402-me,-margarita-ana-kordzaia-samadashvili/"
ზინკა ადამიანი,ანა კორძაია-სამადაშვილი,₾7.20 GEL,http://lit.ge/book/264358-zinka-adamiani-ana-kordzaia-samadashvili/
ტრანსმუტაცია,იაგო თვალაბეიშვილი,₾7.70 GEL,http://lit.ge/book/264313-transmutacia-iago-tvalabeishvili/
შულამელი გოგოები,გვანცა გუბელაძე,₾7.70 GEL,http://lit.ge/book/264267-shulameli-gogoebi-gvanca-gubeladze/
ცდუნება,ნათია ჯაგოდნიშვილი,₾8.20 GEL,http://lit.ge/book/264222-cduneba-natia-jagodnishvili/
ალაჰი ჩემი მეგობარია,ვახტანგ ვახტანგაძე,₾7.70 GEL,http://lit.ge/book/264181-alahi-chemi-megobaria-vaxtang-vaxtangadze/
"გოგონა, რომელიც სამაგიეროს ყველას უხდის",დევიდ ლაგერკრანცი,₾11.90 GEL,"http://lit.ge/book/264126-gogona,-romelic-samagieros-yvelas-uxdis-devid-lagerkranci/"
მკვლელობაში ეჭვმიტანილის აღსარება,ჯეიმზ პეტერსონი,₾6.50 GEL,"http://lit.ge/book/263991-mkvlelobashi-echvmitanilis-aghsareba-jeimz-petersoni,-maqsin-paetro/"
ცათამბჯენი,ჯეიმს ბალარდი,₾8.60 GEL,http://lit.ge/book/263925-catambjeni-jeims-balardi/
ჩემი ბრძოლა. წიგნი პირველი,კარლ უვე კნაუსგორი,₾11.20 GEL,http://lit.ge/book/263887-chemi-brdzola-tsigni-pirveli-karl-uve-knausgori/
გადაკვეთა,მაიკლ კონელი,₾7.00 GEL,http://lit.ge/book/263801-gadakveta-maikl-koneli/
"ბიჭი, ჩიტი და ოსტატი ალბერტო",მატილდა ვუდსი,₾5.00 GEL,"http://lit.ge/book/263748-bichi,-chiti-da-ostati-alberto-matilda-vudsi/"
შარლოტის კვალი,ბრიტანი კავალარო,₾7.00 GEL,http://lit.ge/book/263700-sharlotis-kvali-britani-kavalaro/
თავდაყირა,ჰოლი სმეილი,₾7.00 GEL,http://lit.ge/book/263572-tavdayira-holi-smeili/
მდგმურად უაილდფელ-ჰოლში,ენ ბრონტე,₾6.50 GEL,http://lit.ge/book/263492-mdgmurad-uaildfel-holshi-en-bronte/
წინამორბედი,ჯ. პ. დილენი,₾6.50 GEL,http://lit.ge/book/263447-tsinamorbedi-j-p-dileni/
უბედური შემთხვევების სეზონი,მოირა ფაული-დოილი,₾7.00 GEL,http://lit.ge/book/263392-ubeduri-shemtxvevebis-sezoni-moira-fauli-doili/
მინაუ ბლაის წმინდა ტყუილები,სტეფანი ოუკსი,₾6.50 GEL,http://lit.ge/book/263303-minau-blais-tsminda-tyuilebi-stefani-ouksi/
მერსისაიდული დღიური,ნუგზარ ღვალაძე,₾5.50 GEL,http://lit.ge/book/263268-mersisaiduli-dghiuri-nugzar-ghvaladze/
გრძელი გზა,ნიკოლას სპარქსი,₾7.50 GEL,http://lit.ge/book/263169-grdzeli-gza-nikolas-sparqsi/
ფრენისგან სუნთქვაშეკრული,ანეტე ლორი,₾5.00 GEL,http://lit.ge/book/263134-frenisgan-suntqvashekruli-anete-lori/
ზურგის ქარი,შორენა თალაკვაძე (ოშო),უფასო,http://lit.ge/book/262993-zurgis-qari-shorena-talakvadze-osho/
ლავროსი,ევგენი ვოდოლაზკინი,₾6.00 GEL,http://lit.ge/book/262772-lavrosi-evgeni-vodolazkini/
ღამის ცირკი,ერინ მორგენშტერნი,₾10.90 GEL,http://lit.ge/book/262665-ghamis-cirki-erin-morgenshterni/
სისხლიანი დაპირება (ვამპირების აკადემია 4),რიშელ მიდი,₾7.50 GEL,http://lit.ge/book/262606-sisxliani-dapireba-vampirebis-akademia-4-rishel-midi/
"როცა მეტირება, არ ვტირი",მიგელ ოტერო სილვა,₾7.00 GEL,"http://lit.ge/book/262563-roca-metireba,-ar-vtiri-migel-otero-silva/"
ახალი იორკი შორ კონტინენტზე,მარიკა მამალაძე,₾6.40 GEL,http://lit.ge/book/262517-axali-iorki-shor-kontinentze-marika-mamaladze/
თეატრალური პიესები,ზურაბ კალატოზიშვილი,₾3.00 GEL,http://lit.ge/book/262464-teatraluri-piesebi-zurab-kalatozishvili/
დამასტე,ნინო ორტიგა ჭინჭარაული,₾7.70 GEL,http://lit.ge/book/262429-damaste-nino-ortiga-chincharauli/
დაბრუნება – ადამიანები და სხვები,ნატო დავითაშვილი,₾4.90 GEL,http://lit.ge/book/262277-dabruneba-adamianebi-da-sxvebi-nato-davitashvili/
უეცრად გამათავისუფლებელი ფიქრი,შელ ასკილდსენი,₾5.90 GEL,http://lit.ge/book/262239-uecrad-gamatavisuflebeli-fiqri-shel-askildseni/
"სიყვარულით, ენტონი",ლიზა ჯენოვა,₾9.60 GEL,"http://lit.ge/book/262172-siyvarulit,-entoni-liza-jenova/"
Generation „პ“,ვიკტორ პელევინი,₾10.60 GEL,http://lit.ge/book/262124-generation-„p“-viktor-pelevini/
ლამაზად გაქცევა,ანა გავალდა,₾7.20 GEL,http://lit.ge/book/262055-lamazad-gaqceva-ana-gavalda/
ჰარამხანა – სასიყვარულო მოგზაურობა,ასლი სანჯარი,₾4.00 GEL,http://lit.ge/book/262020-haramxana-sasiyvarulo-mogzauroba-asli-sanjari/
ყველა ჩიტი გალობს,ევი ვაილდი,₾3.00 GEL,http://lit.ge/book/261961-yvela-chiti-galobs-evi-vaildi/
გული ფრიალებს,დონალ რაიანი,₾3.00 GEL,http://lit.ge/book/261918-guli-frialebs-donal-raiani/
თამარ მეფე,როინ მეტრეველი,₾5.00 GEL,http://lit.ge/book/261731-tamar-mefe-roin-metreveli/
მექანიკური გული,პიტერ ბანზლი,₾8.60 GEL,http://lit.ge/book/261546-meqanikuri-guli-piter-banzli/
საუკეთესო მოთხრობები,ლევ ტოლსტოი,₾5.00 GEL,http://lit.ge/book/260940-sauketeso-motxrobebi-lev-tolstoi/
ულისი,ინგუნ თონი,₾8.60 GEL,http://lit.ge/book/260882-ulisi-ingun-toni/
სპილო წყვდიადში,ზურაბ გურული,₾8.00 GEL,http://lit.ge/book/260791-spilo-tsyvdiadshi-zurab-guruli/
პენდერუიკების ოჯახი,ჯინ ბერდსოლი,₾7.20 GEL,http://lit.ge/book/260042-penderuikebis-ojaxi-jin-berdsoli/
საშობაო მოთხრობები,ჩარლზ დიკენსი,₾5.00 GEL,http://lit.ge/book/260004-sashobao-motxrobebi-charlz-dikensi/
დოქტორ ჰონიგბერგერის საიდუმლო,მირჩა ელიადე,₾5.00 GEL,http://lit.ge/book/259965-doqtor-honigbergeris-saidumlo-mircha-eliade/
"მითები, სიზმრები და მისტერიები",მირჩა ელიადე,₾5.00 GEL,"http://lit.ge/book/259879-mitebi,-sizmrebi-da-misteriebi-mircha-eliade/"
შიში,როს მაკდონალდი,₾6.00 GEL,http://lit.ge/book/259222-shishi-ros-makdonaldi/
ერეკლე II,აკაკი გელაშვილი,₾5.00 GEL,http://lit.ge/book/259134-erekle-ii-akaki-gelashvili/
მენტალური მისტერია,რამაზ გიგაური,₾5.00 GEL,http://lit.ge/book/259011-mentaluri-misteria-ramaz-gigauri/
დავით აღმაშენებელი,როინ მეტრეველი,₾5.00 GEL,http://lit.ge/book/258844-davit-aghmashenebeli-roin-metreveli/
ბირმული დღეები,ჯორჯ ორუელი,₾8.50 GEL,http://lit.ge/book/258609-birmuli-dgheebi-jorj-orueli/
ხოჭოების ბრძოლა,მ. ჯ. ლეონარდი,₾8.60 GEL,http://lit.ge/book/258544-xochoebis-brdzola-m-j-leonardi/
სიტყვიერების მასწავლებელი,ანტონ ჩეხოვი,₾1.00 GEL,http://lit.ge/book/258520-sityvierebis-mastsavlebeli-anton-chexovi/
ელვარების კოდი,ჯეიმზ დაშნერი,₾6.00 GEL,http://lit.ge/book/258270-elvarebis-kodi-jeimz-dashneri/
მე გაჩუქებ მზეს,ჯენდი ნელსონი,₾6.50 GEL,http://lit.ge/book/258121-me-gachuqeb-mzes-jendi-nelsoni/
მსოფლიო ჯაზის ვირტუოზები – ALL THAT JAZZ,გიგი კუბლაშვილი,₾4.00 GEL,http://lit.ge/book/257489-msoflio-jazis-virtuozebi-all-that-jazz-gigi-kublashvili/
დიპლომატიური პროტოკოლი და ეტიკეტი,გიგი კუბლაშვილი,₾5.00 GEL,"http://lit.ge/book/257377-diplomatiuri-protokoli-da-etiketi-gigi-kublashvili,-nino-tuxareli,-giorgi-loria/"
იფიქრე და გამდიდრდი,ნაპოლეონ ჰილი,₾6.00 GEL,http://lit.ge/book/257331-ifiqre-da-gamdidrdi-napoleon-hili/
ახალი აგვისტო,მანანა კობაიძე,₾6.00 GEL,http://lit.ge/book/256542-axali-agvisto-manana-kobaidze/
დონორი,ნიკა ლაშხია,₾5.00 GEL,http://lit.ge/book/256452-donori-nika-lashxia/
დღის მიწურულს,კაზუო იშიგურო,₾8.50 GEL,http://lit.ge/book/254653-dghis-mitsuruls-kazuo-ishiguro/
აჩრდილები სამოთხეში,ერიხ მარია რემარკი,₾8.50 GEL,http://lit.ge/book/254593-achrdilebi-samotxeshi-erix-maria-remarki/
იდუმალი მოწინააღმდეგე,აგათა კრისტი,₾7.00 GEL,http://lit.ge/book/254532-idumali-motsinaaghmdege-agata-kristi/
ახლო აღმოსავლეთი (ტომი I),რევაზ გაჩეჩილაძე,₾10.60 GEL,http://lit.ge/book/254485-axlo-aghmosavleti-tomi-i-revaz-gachechiladze/
